email,subject,message
jebo@kokot.sk,drop,bousaty
milanko@milanko.hu,helloooo,ahoj
papagaj@zako.sk,azanat picajat,
acm@acm.sk,ac,ibra
c@example.com,erte,teter
c@example.com,erte,sdfs
c@example.com,werw,sdf
test@test.sk,srdop,dpjnfdkslfsd
c@example.com,kuk,kukuuuuk 
falosnyMajl,kuk,kukuuuuk
frantzova,ajoj miuanko,kukuuuuk
frantzova,ajoj miuanko,kukuuuuk
frantzova,ajoj miuanko,kukuuuuk
frantzova,ajoj miuanko,kukuuuuk
frantzova,ajoj miuanko,kukuuuuk
frantzova,ajoj miuanko,kukuuuuk
frantzova,ajoj miuanko,kukuuuuk
frantzova,ajoj miuanko,kukuuuuk
frantzova,ajoj miuanko,kukuuuuk
frantzova,ajoj miuanko,kukuuuuk
frantzova,ajoj miuanko,kukuuuuk
frantzova,ajoj miuanko,kukuuuuk
frantzova,ajoj miuanko,kukuuuuk
frantzova,ajoj miuanko,kukuuuuk
frantzova,ajoj miuanko,kukuuuuk
frantzova,ajoj miuanko,kukuuuuk
frantzova,ajoj miuanko,kukuuuuk
frantzova,ajoj miuanko,kukuuuuk
frantzova,ajoj miuanko,kukuuuuk
frantzova,ajoj miuanko,kukuuuuk
frantzova,ajoj miuanko,kukuuuuk
frantzova,ajoj miuanko,kukuuuuk
frantzova,ajoj miuanko,kukuuuuk
frantzova,ajoj miuanko,kukuuuuk
frantzova,ajoj miuanko,kukuuuuk
frantzova,ajoj miuanko,kukuuuuk
frantzova,ajoj miuanko,kukuuuuk
frantzova,ajoj miuanko,kukuuuuk
frantzova,ajoj miuanko,kukuuuuk
frantzova,ajoj miuanko,kukuuuuk
frantzova,ajoj miuanko,kukuuuuk
frantzova,ajoj miuanko,kukuuuuk
frantzova,ajoj miuanko,kukuuuuk
frantzova,ajoj miuanko,kukuuuuk
frantzova,ajoj miuanko,kukuuuuk
frantzova,ajoj miuanko,kukuuuuk
frantzova,ajoj miuanko,kukuuuuk
frantzova,ajoj miuanko,kukuuuuk
frantzova,ajoj miuanko,kukuuuuk
frantzova,ajoj miuanko,kukuuuuk
frantzova,ajoj miuanko,kukuuuuk
frantzova,ajoj miuanko,kukuuuuk
frantzova,ajoj miuanko,kukuuuuk
frantzova,ajoj miuanko,kukuuuuk
frantzova,ajoj miuanko,kukuuuuk
frantzova,ajoj miuanko,kukuuuuk
frantzova,ajoj miuanko,kukuuuuk
frantzova,ajoj miuanko,kukuuuuk
frantzova,ajoj miuanko,kukuuuuk
frantzova,ajoj miuanko,kukuuuuk
frantzova,ajoj miuanko,kukuuuuk
frantzova,ajoj miuanko,kukuuuuk
frantzova,ajoj miuanko,kukuuuuk
frantzova,ajoj miuanko,kukuuuuk
frantzova,ajoj miuanko,kukuuuuk
frantzova,ajoj miuanko,kukuuuuk
frantzova,ajoj miuanko,kukuuuuk
frantzova,ajoj miuanko,kukuuuuk
frantzova,ajoj miuanko,kukuuuuk
frantzova,ajoj miuanko,kukuuuuk
frantzova,ajoj miuanko,kukuuuuk
frantzova,ajoj miuanko,kukuuuuk
frantzova,ajoj miuanko,kukuuuuk
frantzova,ajoj miuanko,kukuuuuk
frantzova,ajoj miuanko,kukuuuuk
frantzova,ajoj miuanko,kukuuuuk
frantzova,ajoj miuanko,kukuuuuk
frantzova,ajoj miuanko,kukuuuuk
frantzova,ajoj miuanko,kukuuuuk
frantzova,ajoj miuanko,kukuuuuk
frantzova,ajoj miuanko,kukuuuuk
frantzova,ajoj miuanko,kukuuuuk
frantzova,ajoj miuanko,kukuuuuk
frantzova,ajoj miuanko,kukuuuuk
frantzova,ajoj miuanko,kukuuuuk
frantzova,ajoj miuanko,kukuuuuk
frantzova,ajoj miuanko,kukuuuuk
frantzova,ajoj miuanko,kukuuuuk
frantzova,ajoj miuanko,kukuuuuk
frantzova,ajoj miuanko,kukuuuuk
frantzova,ajoj miuanko,kukuuuuk
frantzova,ajoj miuanko,kukuuuuk
frantzova,ajoj miuanko,kukuuuuk
frantzova,ajoj miuanko,kukuuuuk
frantzova,ajoj miuanko,kukuuuuk
frantzova,ajoj miuanko,kukuuuuk
frantzova,ajoj miuanko,kukuuuuk
frantzova,ajoj miuanko,kukuuuuk
frantzova,ajoj miuanko,kukuuuuk
frantzova,ajoj miuanko,kukuuuuk
frantzova,ajoj miuanko,kukuuuuk
frantzova,ajoj miuanko,kukuuuuk
frantzova,ajoj miuanko,kukuuuuk
frantzova,ajoj miuanko,kukuuuuk
frantzova,ajoj miuanko,kukuuuuk
frantzova,ajoj miuanko,kukuuuuk
frantzova,ajoj miuanko,kukuuuuk
frantzova,ajoj miuanko,kukuuuuk
frantzova,ajoj miuanko,kukuuuuk
frantzova,ajoj miuanko,kukuuuuk
frantzova,ajoj miuanko,kukuuuuk
frantzova,ajoj miuanko,kukuuuuk
frantzova,ajoj miuanko,kukuuuuk
frantzova,ajoj miuanko,kukuuuuk
frantzova,ajoj miuanko,kukuuuuk
frantzova,ajoj miuanko,kukuuuuk
frantzova,ajoj miuanko,kukuuuuk
frantzova,ajoj miuanko,kukuuuuk
frantzova,ajoj miuanko,kukuuuuk
frantzova,ajoj miuanko,kukuuuuk
frantzova,ajoj miuanko,kukuuuuk
frantzova,ajoj miuanko,kukuuuuk
frantzova,ajoj miuanko,kukuuuuk
frantzova,ajoj miuanko,kukuuuuk
frantzova,ajoj miuanko,kukuuuuk
frantzova,ajoj miuanko,kukuuuuk
frantzova,ajoj miuanko,kukuuuuk
frantzova,ajoj miuanko,kukuuuuk
frantzova,ajoj miuanko,kukuuuuk
frantzova,ajoj miuanko,kukuuuuk
frantzova,ajoj miuanko,kukuuuuk
frantzova,ajoj miuanko,kukuuuuk
frantzova,ajoj miuanko,kukuuuuk
frantzova,ajoj miuanko,kukuuuuk
frantzova,ajoj miuanko,kukuuuuk
frantzova,ajoj miuanko,kukuuuuk
frantzova,ajoj miuanko,kukuuuuk
frantzova,ajoj miuanko,kukuuuuk
frantzova,ajoj miuanko,kukuuuuk
frantzova,ajoj miuanko,kukuuuuk
frantzova,ajoj miuanko,kukuuuuk
frantzova,ajoj miuanko,kukuuuuk
frantzova,ajoj miuanko,kukuuuuk
frantzova,ajoj miuanko,kukuuuuk
frantzova,ajoj miuanko,kukuuuuk
frantzova,ajoj miuanko,kukuuuuk
frantzova,ajoj miuanko,kukuuuuk
frantzova,ajoj miuanko,kukuuuuk
frantzova,ajoj miuanko,kukuuuuk
frantzova,ajoj miuanko,kukuuuuk
frantzova,ajoj miuanko,kukuuuuk
frantzova,ajoj miuanko,kukuuuuk
frantzova,ajoj miuanko,kukuuuuk
frantzova,ajoj miuanko,kukuuuuk
frantzova,ajoj miuanko,kukuuuuk
frantzova,ajoj miuanko,kukuuuuk
frantzova,ajoj miuanko,kukuuuuk
frantzova,ajoj miuanko,kukuuuuk
frantzova,ajoj miuanko,kukuuuuk
frantzova,ajoj miuanko,kukuuuuk
frantzova,ajoj miuanko,kukuuuuk
frantzova,ajoj miuanko,kukuuuuk
frantzova,ajoj miuanko,kukuuuuk
frantzova,ajoj miuanko,kukuuuuk
frantzova,ajoj miuanko,kukuuuuk
frantzova,ajoj miuanko,kukuuuuk
frantzova,ajoj miuanko,kukuuuuk
frantzova,ajoj miuanko,kukuuuuk
frantzova,ajoj miuanko,kukuuuuk
frantzova,ajoj miuanko,kukuuuuk
frantzova,ajoj miuankokukuuuuk
frantzova,ajoj miuanko,kukuuuuk
frantzova,ajoj miuanko,kukuuuuk
frantzova,ajoj miuanko,kukuuuuk
frantzova,ajoj miuanko,kukuuuuk
frantzova,ajoj miuanko,kukuuuuk
frantzova,ajoj miuanko,kukuuuuk
